INSERT INTO type_rating (rating_name) VALUES 
('A220 Family'),
('A320 Family');

INSERT INTO aircraft_family (family_name, manufacturer) VALUES 
('A220', 'Airbus'),
('A320', 'Airbus');

INSERT INTO aircraft_type (variant_name, family_id, type_rating_id, max_range_km) VALUES 
('-100', 1, 1, 6390),
('-300', 1, 1, 6200),
('A319', 2, 2, 6900),
('A320', 2, 2, 6300);

--Every aircraft even if its the same family and variant can have different amount of seats based on its seating configuration
INSERT INTO aircraft (aircraft_type_id, pilot_capacity, cabin_crew_capacity, economy_passenger_capacity, economy_passenger_layout, business_passenger_capacity, business_passenger_layout) VALUES 
(1, 2, 4, 80, '{2,3}', 20, '{2,2}'), 
(1, 2, 4, 100, '{2,3}', 10, '{2,2}'), 
(2, 2, 6, 100, '{2,3}', 20, '{2,2}'), 
(2, 2, 6, 120, '{2,3}', 10, '{2,2}'),
(3, 2, 4, 80, '{3,3}', 20, '{2,2}'),
(4, 2, 5, 150, '{3,3}', 30, '{2,2}');

INSERT INTO staff (staff_id, password_hash, first_name, last_name, birth_date, gender, nationality, role, rank) VALUES 
(1, '$2b$10$9CvqUv.vOEhEYCiWJ3GfDe4A.NNMMhQDUwjxWs26ZkLZicZbs5d8i', 'James', 'Bond', '1949-12-01', 'Male', 'Turkish', 'Pilot', 'Junior'),
(2, '$2b$10$XW9L.j4YgrBRkAoe.DKoUOBlhf3O4PyIpBiLpKq9JeDtShanPl8Cm', 'Akane', 'Tsunemori', '1979-05-21', 'Female', 'Japanese', 'Pilot', 'Senior'),
(3, '$2b$10$Rs4z9FZRTdLlyHbcyZ6uEO9nFkcRlzenAwMLgZk/M3EkWJMhLpxxO', 'Anya', 'Forger', '1950-06-01', 'Female', 'Ostania', 'Cabin Crew', 'Senior'),
(4, '$2b$10$UbMSAB5U3CrVWJBTAvRu4exZiXGFyK8fqmoj48sZNhWJ0U5iJ2K8u', 'Jackie', 'Chan', '1999-01-02', 'Male', 'Turkish', 'Cabin Crew', 'Senior'),
(5, '$2b$10$CEsw4TeevAD6P3XqdCEEQeY0GflzNdG4vFyBUscLw1rv8c/AT/A/C', 'Johannes', 'Keplar', '2005-07-14', 'Male', 'Turkish', 'Cabin Crew', 'Trainee'),
(6, '$2b$10$FD/TU/9GmXOfRSoxfcxfc.YKzmVd4VrfZSu1H4eRG4fzg/w/tqYnK', 'Isaac', 'Newton', '2006-07-14', 'Male', 'Turkish', 'Pilot', 'Junior'),
(7,  '$2b$10$GHMzazb/VKCV.gn6PXRVlem9ZMeHVRkLKgyqOJBPhsmtK6.nj5ZPW', 'Elena', 'Petrov',   '1988-03-22', 'Female', 'Russian','Cabin Crew', 'Senior'),
(8,  '$2b$10$7lQ2sOt9xaP7wKzqQxYmYO4rUyWGRjHqJ6d3F05DADnk8VO7S6ZpO', 'Marco', 'DeLuca',   '1991-11-09', 'Male',   'Italian', 'Pilot',      'Junior'),
(9,  '$2b$10$bRzjBd7HxCaXGSV9WUWFWeJgzc/QjpJrYZlFNva6wzzm5OND49cza', 'Aylin', 'Demir',    '1995-04-18', 'Female', 'Turkish', 'Cabin Crew', 'Junior'),
(10, '$2b$10$EUhikRrToV1YfKISPyqv..JwD587vA93fu5yrcd9LSE/4L8wAr1Qi', 'Hassan','Mahmoud',  '1980-06-30', 'Male',   'Egyptian','Pilot',      'Senior'),
(11, '$2b$10$niQ6wJCpK.YIsXIiR9o33eZLIF28JUl3b2TDocAdVCZmhQ5X/f.Hm', 'Sophie','Dubois',   '1997-01-12', 'Female', 'French',  'Cabin Crew', 'Junior'),
(12, '$2b$10$6PsyWePVDmL1a3tHcL.PLO4jVPl88LtAtTxnY4bGl8npnGF8jF0SO', 'Daniel','Weber',    '1975-09-05', 'Male',   'German',  'Pilot',      'Senior'),
(13, '$2b$10$r7vwZRYkiNn1YtkyYb/YcOkPsp1h.24tawssSJkATuswrQ9pxTyXe', 'Mina',  'Kobayashi','2000-02-27', 'Female', 'Japanese','Cabin Crew', 'Trainee'),
(14, '$2b$10$5UXaRCsxfZ.6XEvGj4BU9OcGqGwly5Jf62g7DbeRKSfkFN9qlwhgC', 'Omar',  'Al Farsi', '1986-08-14', 'Male',   'Emirati', 'Pilot',      'Junior'),
(15, '$2b$10$pVJLwp5294v4c6USQtB3X.W2Vdsu9J4LI9Xxg/fH/DnPohguSNWJS', 'Lucia', 'Fernandez','1993-12-03', 'Female', 'Spanish', 'Cabin Crew', 'Senior'),
(16, '$2b$10$ylf2vUzpl442UmNWjwV8ce4z8SgIgiJv5T2218Fd/i5lLeP.caXs.', 'Noah',  'Williams', '1998-05-21', 'Male',   'American','Cabin Crew', 'Junior'),
(17, '$2b$10$gmWKJw.jjh/2FE3B.dmPYuN4GJeuXX2OyGg4x8nXCfCisKtiNGtTK', 'Priya', 'Sharma',   '1984-10-17', 'Female', 'Indian',  'Pilot',      'Senior'),
(18, '$2b$10$kmbZa5j8iCmZHWuZ4gkube9fwGhRDcsKSi.INO18Pj6qCtpQ.5r2S', 'Jonas', 'Lindstrom','1996-07-01', 'Male',   'Swedish', 'Cabin Crew', 'Junior'),
(19, '$2b$10$7lThKZ7aphymvcY4NvSJf.Xw60bmihw/m/Uxyx7sS5Lg4/eJjHFVq', 'Fatma', 'Yilmaz',   '2002-09-26', 'Female', 'Turkish', 'Cabin Crew', 'Trainee'),
(20, '$2b$10$V.TwahwBjT08JtKVzEYOKO8qlca.G0R07LGxXwgeMwqESIGIPau/q', 'Miguel','Ortega',   '1989-02-11', 'Male',   'Mexican', 'Pilot',      'Junior'),
(21, '$2b$10$b.0N8t/KtAzJPekmZggyBO/zvNX0ZnrSEjh8FkWVdR1Aa78/VljTG','Wisam','Fakih','2005-04-08','Male', 'Venezuelano', 'Admin', 'Senior');
--every staff from 1 to 20 has their password as staff + ID so staff1 to staff20, but staff 21's password is Gigachad


INSERT INTO licensed_on(staff_id, type_rating_id) VALUES
(1,1),
(1,2),
(2,1),
(2,2),
(3,1),
(4,1),
(7, 1),
(7, 2),
(8, 1),
(9, 2),
(10, 1),
(10, 2),
(11, 1),
(12, 1),
(12, 2),
(13, 2),
(14, 1),
(15, 1),
(15, 2),
(16, 2),
(17, 1),
(17, 2),
(18, 1),
(19, 2),
(20, 1);

INSERT INTO speaks (staff_id,language) VALUES
(1,'English'),
(1,'Turkish'),
(2,'English'),
(2,'Japanese'),
(3,  'Ostanian'),
(3,  'English'),
(4,  'Turkish'),
(4,  'English'),
(5,  'Turkish'),
(5,  'German'),
(6,  'Turkish'),
(6,  'English'),
(7,  'Russian'),
(7,  'English'),
(8,  'Italian'),
(8,  'English'),
(9,  'Turkish'),
(9,  'English'),
(10, 'Arabic'),
(10, 'English'),
(11, 'French'),
(11, 'English'),
(12, 'German'),
(12, 'English'),
(13, 'Japanese'),
(13, 'English'),
(14, 'Arabic'),
(14, 'English'),
(15, 'Spanish'),
(15, 'English'),
(16, 'English'),
(16, 'Spanish'),
(17, 'Hindi'),
(17, 'English'),
(18, 'Swedish'),
(18, 'English'),
(19, 'Turkish'),
(19, 'English'),
(20, 'Spanish'),
(20, 'English');


INSERT INTO dish(dish_name) VALUES
('Pizza'),
('Beef burger'),
('Grilled Chicken'),
('Margherita Pizza'),
('Chicken Biryani'),
('tuna tuna sandwich');


INSERT INTO can_cook(staff_id,dish_id) VALUES
(3,1),
(4,2),
(5,1),
(7,2),
(7,3),
(9,6),
(11,5),
(13,4),
(15,3);
 
INSERT INTO flight (aircraft_id, date, dept_time, dept_airport,arrival_time,arrival_airport, gate, status,flight_number,boarding_time) VALUES
(1,'2026-12-15','03:30','IST','05:30','LHR','12A','Enroute','AN251','03:10'),
(1,'2026-12-15','15:45','LHR','17:45','IST','5P','Boarding','AN111','15:25'),
(2,'2026-12-15','03:30','LHR','05:30','IST','5B','Landed','AN878','03:10'),
(4,'2026-12-15','12:30','SAW','02:30','LHR','7C','Scheduled','AN123','12:10'),
(5,'2026-12-15','11:00','SAW','01:00','LHR','9A','Deboarding','AN456','10:30');


INSERT INTO operating_on(staff_id,flight_id) VALUES
(1,1),
(1,2),
(2,1),
(2,2),
(3,1),
(4,1),
(5,2),  
(6,3),    
(7,2),   
(8,3),   
(9,3),   
(10,4),  
(11,3), 
(12,4),   
(13,4),   
(14,5),   
(15,4),  
(16,5),  
(17,5),  
(18,5),   
(19,5);  

INSERT INTO passenger(passport_number, first_name, last_name, birth_date, gender, has_allergy, disability_assistance, nationality) VALUES
('N1289','John','smith', '1949-12-01', 'Male', 'Peanuts', 'Wheelchair','Turkish'),
('N5678','Joe','biden', '1979-05-21', 'Female', 'None', 'Blind, deaf','American'),
('N7826','Ben','ten', '2000-11-24', 'Male', 'Dairy', 'None','Turkish'),
('N9611','Tom','cruise', '1967-02-16', 'Male', 'None', 'None','Turkish'),
('N8177','Jack','willer', '1915-05-09', 'Male', 'None', 'Deaf ','Turkish'),
('N2341','Alice','Brown','1985-03-14','Female','None','None','British'),
('N2342','Carlos','Mendez','1992-07-08','Male','Seafood','None','Mexican'),
('N2343','Fatima','Khan','1978-01-30','Female','Gluten','Wheelchair','Pakistani'),
('N2344','Luca','Rossi','2001-09-19','Male','None','None','Italian'),
('N2345','Sofia','Garcia','1996-12-02','Female','Peanuts','None','Spanish'),
('N2346','Omar','Hassan','1989-06-25','Male','None','Blind','Egyptian'),
('N2347','Emily','Clark','1970-04-11','Female','Dairy','None','Canadian'),
('N2348','Hiro','Tanaka','1994-08-17','Male','None','None','Japanese'),
('N2349','Anna','Kowalski','1982-02-05','Female','None','Deaf','Polish'),
('N2350','Daniel','Muller','1965-10-28','Male','None','None','German'),
('N2351','Aisha','Ali','2003-05-13','Female','Eggs','None','Emirati'),
('N2352','Mark','Johnson','1990-11-06','Male','None','Wheelchair','American'),
('N2353','Nina','Petrova','1987-01-22','Female','None','None','Russian'),
('N2354','Youssef','El Amrani','1975-07-01','Male','Sesame','None','Moroccan'),
('N2355','Laura','Bianchi','1999-09-09','Female','None','None','Italian'),
('N2356','Samuel','Okoye','1983-03-18','Male','None','Blind','Nigerian'),
('N2357','Isabella','Santos','1995-06-27','Female','Shellfish','None','Brazilian'),
('N2358','Peter','Novak','1972-12-15','Male','None','None','Czech'),
('N2359','Mei','Lin','2004-04-03','Female','None','None','Chinese'),
('N2360','Andreas','Papadopoulos','1968-08-21','Male','None','Deaf','Greek'),
('N2361','Chloe','Martin','1991-01-10','Female','Strawberries','None','French'),
('N2362','Ivan','Horvat','1986-05-29','Male','None','None','Croatian'),
('N2363','Sara','Nordin','1998-02-26','Female','None','None','Swedish'),
('N2364','Mohammed','Rahman','1979-11-18','Male','None','Wheelchair','Bangladeshi'),
('N2365','David','OConnor','2002-07-04','Male','None','None','Irish');

INSERT INTO flight_ticket(ticket_id, passport_number, seat_number, class) VALUES
(111111111,'N1289','10A', 'Economy'),
(222222222,'N5678', '20B', 'Economy'),
(333333333,'N7826', '15A', 'Economy'),
(444444444,'N9611', '1C', 'Business'),
(555555555,'N9611', '20A', 'Economy'),
(601234567,'N2341','12A','Economy'),
(601234568,'N2342','14C','Economy'),
(601234569,'N2343','3B','Business'),
(601234570,'N2344','21D','Economy'),
(601234571,'N2345','18A','Economy'),
(601234572,'N2346','2A','Business'),
(601234573,'N2347','16E','Economy'),
(601234574,'N2348','11C','Economy'),
(601234575,'N2349','9D','Economy'),
(601234576,'N2350','4B','Business'),
(601234577,'N2351','15A','Economy'),
(601234578,'N2352','6C','Business'),
(601234579,'N2353','15E','Economy'),
(601234580,'N2354','13B','Economy'),
(601234581,'N2355','15E','Economy'),
(601234582,'N2356','5A','Business'),
(601234583,'N2357','15C','Economy'),
(601234584,'N2358','8A','Economy'),
(601234585,'N2359','13D','Economy'),
(601234586,'N2360','3B','Business'),
(601234587,'N2361','10E','Economy'),
(601234588,'N2362','15A','Economy'),
(601234589,'N2363','10C','Economy'),
(601234590,'N2364','1A','Business'),
(601234592,'N2341','14A','Economy'),
(601234593,'N2343','6D','Business'),
(601234594,'N2346','18C','Economy'),
(601234597,'N2356','11B','Economy'),
(601234598,'N2359','16A','Economy'),
(601234599,'N2361','4C','Business'),
(601234591,'N2365','8B','Economy'),
(601234595,'N2350','9A','Economy'),
(601234596,'N2352','2C','Business'),
(601234600,'N2364','19B','Economy'),
(601234601,'N2365','12D','Economy');

/* flight ticket IDs must be exactly 9 digits*/

INSERT INTO connected_flight(flight_id, ticket_id) VALUES
(1,111111111),
(1,222222222),
(1,333333333),
(1,444444444),
(1,555555555),
(1,601234567),
(1,601234568),
(1,601234569),
(2,601234570),
(2,601234571),
(2,601234572),
(2,601234573),
(2,601234574),
(2,601234575),
(2,601234576),
(2,601234577),
(3,601234578),
(3,601234579),
(3,601234580),
(3,601234581),
(3,601234582),
(3,601234583),
(3,601234584),
(3,601234585),
(4,601234586),
(4,601234587),
(4,601234588),
(4,601234589),
(4,601234590),
(4,601234591),
(4,601234592),
(4,601234593),
(5,601234594),
(5,601234595),
(5,601234596),
(5,601234597),
(5,601234598),
(5,601234599),
(5,601234600),
(5,601234601);


INSERT INTO guardian(guardian_passport, child_passport) VALUES
('N1289','N5678'),
('N1289','N7826'),
('N2354','N2355'),
('N2356','N2351'),
('N2343','N2351');




